target,session_id,region,stimulus_family,shuffle_id,shuffle_memory_gain_r2
active_unit_fraction,719161530,CA1,spontaneous,0,0.0014477591451454996
active_unit_fraction,719161530,CA1,spontaneous,1,-0.0028502519831578033
active_unit_fraction,719161530,CA1,spontaneous,2,-0.003564605472896276
active_unit_fraction,719161530,CA1,spontaneous,3,-0.0021699556715493173
active_unit_fraction,719161530,CA1,spontaneous,4,-0.0038506856984044102
active_unit_fraction,719161530,CA1,spontaneous,5,0.0014457894849773112
active_unit_fraction,719161530,CA1,spontaneous,6,0.000517396233020051
active_unit_fraction,719161530,CA1,spontaneous,7,-0.0030874559752761543
active_unit_fraction,719161530,CA1,spontaneous,8,-0.0035654008892141986
active_unit_fraction,719161530,CA1,spontaneous,9,-0.003994008635540003
active_unit_fraction,719161530,CA1,spontaneous,10,-0.0032036783994412454
active_unit_fraction,719161530,CA1,spontaneous,11,-0.0034407118804455905
active_unit_fraction,719161530,CA1,spontaneous,12,-0.0029126262222543
active_unit_fraction,719161530,CA1,spontaneous,13,-0.003176356510489753
active_unit_fraction,719161530,CA1,spontaneous,14,-0.0008878447563986924
active_unit_fraction,719161530,CA1,spontaneous,15,-0.002790116875857507
active_unit_fraction,719161530,CA1,spontaneous,16,-0.0014474490938036766
active_unit_fraction,719161530,CA1,spontaneous,17,-0.0045604645695171975
active_unit_fraction,719161530,CA1,spontaneous,18,-0.002230415843453626
active_unit_fraction,719161530,CA1,spontaneous,19,-0.0019528749024886327
active_unit_fraction,719161530,CA1,spontaneous,20,0.00551419939725617
active_unit_fraction,719161530,CA1,spontaneous,21,0.0007865767195887052
active_unit_fraction,719161530,CA1,spontaneous,22,-5.4846924782858686e-05
active_unit_fraction,719161530,CA1,spontaneous,23,-0.0026946899044623107
active_unit_fraction,719161530,CA1,spontaneous,24,-0.0013865355878711627
active_unit_fraction,719161530,CA1,spontaneous,25,-0.0008888250189027502
active_unit_fraction,719161530,CA1,spontaneous,26,-0.0010850033621917499
active_unit_fraction,719161530,CA1,spontaneous,27,-0.0017621931197870921
active_unit_fraction,719161530,CA1,spontaneous,28,-0.0016627398621521516
active_unit_fraction,719161530,CA1,spontaneous,29,-0.0035397845987077403
active_unit_fraction,719161530,CA1,spontaneous,30,-0.003913947863369405
active_unit_fraction,719161530,CA1,spontaneous,31,0.0018659219350806167
active_unit_fraction,719161530,CA1,spontaneous,32,-0.0010181792069741125
active_unit_fraction,719161530,CA1,spontaneous,33,-0.003732627587535897
active_unit_fraction,719161530,CA1,spontaneous,34,-0.0012872525831505444
active_unit_fraction,719161530,CA1,spontaneous,35,-0.0010988194063817902
active_unit_fraction,719161530,CA1,spontaneous,36,-0.002659903699181454
active_unit_fraction,719161530,CA1,spontaneous,37,-0.0032184216539271615
active_unit_fraction,719161530,CA1,spontaneous,38,-0.0015568559360810141
active_unit_fraction,719161530,CA1,spontaneous,39,-0.0013279003611976758
active_unit_fraction,719161530,CA1,spontaneous,40,-0.003307633497175999
active_unit_fraction,719161530,CA1,spontaneous,41,-0.002705268922575721
active_unit_fraction,719161530,CA1,spontaneous,42,-0.0018193160109420958
active_unit_fraction,719161530,CA1,spontaneous,43,-0.0035983358345725858
active_unit_fraction,719161530,CA1,spontaneous,44,-0.003617174305913462
active_unit_fraction,719161530,CA1,spontaneous,45,-0.0012231662688034772
active_unit_fraction,719161530,CA1,spontaneous,46,-0.0030675867340663743
active_unit_fraction,719161530,CA1,spontaneous,47,-0.0014725851580484894
active_unit_fraction,719161530,CA1,spontaneous,48,-0.0021787519239305775
active_unit_fraction,719161530,CA1,spontaneous,49,-0.0017495292201518131
active_unit_fraction,719161530,LGd,spontaneous,0,-0.0011920140258919742
active_unit_fraction,719161530,LGd,spontaneous,1,-0.0006917372742243355
active_unit_fraction,719161530,LGd,spontaneous,2,-0.0014681302378137806
active_unit_fraction,719161530,LGd,spontaneous,3,0.0009904920693142305
active_unit_fraction,719161530,LGd,spontaneous,4,-0.0004707615721790681
active_unit_fraction,719161530,LGd,spontaneous,5,-0.000230245115182659
active_unit_fraction,719161530,LGd,spontaneous,6,-0.0003328139191086654
active_unit_fraction,719161530,LGd,spontaneous,7,-0.0006323026904881957
active_unit_fraction,719161530,LGd,spontaneous,8,-0.0008238368140884855
active_unit_fraction,719161530,LGd,spontaneous,9,0.001044721916237057
active_unit_fraction,719161530,LGd,spontaneous,10,-0.0007357725501946355
active_unit_fraction,719161530,LGd,spontaneous,11,-0.0009293999376389639
active_unit_fraction,719161530,LGd,spontaneous,12,-0.0006201317240801529
active_unit_fraction,719161530,LGd,spontaneous,13,-0.0016247314444368666
active_unit_fraction,719161530,LGd,spontaneous,14,-0.0011877372772399752
active_unit_fraction,719161530,LGd,spontaneous,15,-0.0030944937122086014
active_unit_fraction,719161530,LGd,spontaneous,16,-0.00024080660678649224
active_unit_fraction,719161530,LGd,spontaneous,17,-5.4942433423077475e-05
active_unit_fraction,719161530,LGd,spontaneous,18,-0.0011040294971834674
active_unit_fraction,719161530,LGd,spontaneous,19,-0.0007695741792056454
active_unit_fraction,719161530,LGd,spontaneous,20,-0.0014073459248655773
active_unit_fraction,719161530,LGd,spontaneous,21,-0.0024194035039201145
active_unit_fraction,719161530,LGd,spontaneous,22,-0.0009079424132472091
active_unit_fraction,719161530,LGd,spontaneous,23,-0.002764738821436241
active_unit_fraction,719161530,LGd,spontaneous,24,-0.0010616319305870592
active_unit_fraction,719161530,LGd,spontaneous,25,-0.0013338093608505908
active_unit_fraction,719161530,LGd,spontaneous,26,-0.0021020660994546247
active_unit_fraction,719161530,LGd,spontaneous,27,-0.00027733521128880945
active_unit_fraction,719161530,LGd,spontaneous,28,0.00019168784439016484
active_unit_fraction,719161530,LGd,spontaneous,29,-0.0008023549616041903
active_unit_fraction,719161530,LGd,spontaneous,30,0.00011434969531665118
active_unit_fraction,719161530,LGd,spontaneous,31,-0.002386218541633456
active_unit_fraction,719161530,LGd,spontaneous,32,-0.00012641360028220472
active_unit_fraction,719161530,LGd,spontaneous,33,-0.001615694720233929
active_unit_fraction,719161530,LGd,spontaneous,34,-0.0009020596235265188
active_unit_fraction,719161530,LGd,spontaneous,35,-0.0005102330178023973
active_unit_fraction,719161530,LGd,spontaneous,36,-0.0018962193822094076
active_unit_fraction,719161530,LGd,spontaneous,37,-0.0008018179527390368
active_unit_fraction,719161530,LGd,spontaneous,38,-0.001180340544496672
active_unit_fraction,719161530,LGd,spontaneous,39,-0.0024013323308049728
active_unit_fraction,719161530,LGd,spontaneous,40,-0.0009774096800371224
active_unit_fraction,719161530,LGd,spontaneous,41,-0.00155391877292832
active_unit_fraction,719161530,LGd,spontaneous,42,-0.0005854613491593774
active_unit_fraction,719161530,LGd,spontaneous,43,-0.0009644332036560233
active_unit_fraction,719161530,LGd,spontaneous,44,-0.0007720215818345366
active_unit_fraction,719161530,LGd,spontaneous,45,-0.0011138541258668422
active_unit_fraction,719161530,LGd,spontaneous,46,-0.0003815427727205112
active_unit_fraction,719161530,LGd,spontaneous,47,-0.0008250848055508797
active_unit_fraction,719161530,LGd,spontaneous,48,-0.0011357965259055636
active_unit_fraction,719161530,LGd,spontaneous,49,-0.0008785534246955606
active_unit_fraction,719161530,VISl,spontaneous,0,0.0009225568957842434
active_unit_fraction,719161530,VISl,spontaneous,1,-9.620607891003274e-06
active_unit_fraction,719161530,VISl,spontaneous,2,-0.001836890377633238
active_unit_fraction,719161530,VISl,spontaneous,3,-0.0019550577535607516
active_unit_fraction,719161530,VISl,spontaneous,4,-0.0031352370197794688
active_unit_fraction,719161530,VISl,spontaneous,5,-0.001372948257588602
active_unit_fraction,719161530,VISl,spontaneous,6,-0.0035606848097595734
active_unit_fraction,719161530,VISl,spontaneous,7,-0.0018758675747516662
active_unit_fraction,719161530,VISl,spontaneous,8,-0.0037490710475848177
active_unit_fraction,719161530,VISl,spontaneous,9,-0.0016877350811053127
active_unit_fraction,719161530,VISl,spontaneous,10,-0.002346007015027296
active_unit_fraction,719161530,VISl,spontaneous,11,-0.003106699506828181
active_unit_fraction,719161530,VISl,spontaneous,12,-0.002823282139364669
active_unit_fraction,719161530,VISl,spontaneous,13,-0.0028720128595213223
active_unit_fraction,719161530,VISl,spontaneous,14,-0.0003654662432549527
active_unit_fraction,719161530,VISl,spontaneous,15,-0.0032229650725182912
active_unit_fraction,719161530,VISl,spontaneous,16,-0.004080993982769399
active_unit_fraction,719161530,VISl,spontaneous,17,-0.003482191055119599
active_unit_fraction,719161530,VISl,spontaneous,18,-0.001928430216783239
active_unit_fraction,719161530,VISl,spontaneous,19,-0.0035506756216543423
active_unit_fraction,719161530,VISl,spontaneous,20,0.001918100066438444
active_unit_fraction,719161530,VISl,spontaneous,21,-0.002010538331459144
active_unit_fraction,719161530,VISl,spontaneous,22,-0.0027125301820235537
active_unit_fraction,719161530,VISl,spontaneous,23,-0.0006938050033600263
active_unit_fraction,719161530,VISl,spontaneous,24,0.0011518593074799632
active_unit_fraction,719161530,VISl,spontaneous,25,-0.0011699107114045981
active_unit_fraction,719161530,VISl,spontaneous,26,-0.001782896660246891
active_unit_fraction,719161530,VISl,spontaneous,27,-0.00041054031506271293
active_unit_fraction,719161530,VISl,spontaneous,28,-0.0014344738495195575
active_unit_fraction,719161530,VISl,spontaneous,29,-0.0027805442484030163
active_unit_fraction,719161530,VISl,spontaneous,30,-0.005086084004975122
active_unit_fraction,719161530,VISl,spontaneous,31,-0.0038127439765351934
active_unit_fraction,719161530,VISl,spontaneous,32,-0.0007448387697152059
active_unit_fraction,719161530,VISl,spontaneous,33,-0.001758495175408492
active_unit_fraction,719161530,VISl,spontaneous,34,8.047341820049958e-05
active_unit_fraction,719161530,VISl,spontaneous,35,-0.000630030523021019
active_unit_fraction,719161530,VISl,spontaneous,36,-0.002478635954224817
active_unit_fraction,719161530,VISl,spontaneous,37,-0.0019883294474478674
active_unit_fraction,719161530,VISl,spontaneous,38,-0.002174621853998304
active_unit_fraction,719161530,VISl,spontaneous,39,0.0007275488419907772
active_unit_fraction,719161530,VISl,spontaneous,40,-0.0019288739592362436
active_unit_fraction,719161530,VISl,spontaneous,41,-0.0010444515957979128
active_unit_fraction,719161530,VISl,spontaneous,42,-0.0006618209428310706
active_unit_fraction,719161530,VISl,spontaneous,43,-0.002840477622792381
active_unit_fraction,719161530,VISl,spontaneous,44,-0.0045945003321374855
active_unit_fraction,719161530,VISl,spontaneous,45,-0.0015973322106616061
active_unit_fraction,719161530,VISl,spontaneous,46,-3.847526173994531e-05
active_unit_fraction,719161530,VISl,spontaneous,47,-0.0010208609209418906
active_unit_fraction,719161530,VISl,spontaneous,48,-0.001214844058242348
active_unit_fraction,719161530,VISl,spontaneous,49,-0.003159097374348163
active_unit_fraction,719161530,VISp,spontaneous,0,-0.0009592251902544868
active_unit_fraction,719161530,VISp,spontaneous,1,-0.0022864553908358287
active_unit_fraction,719161530,VISp,spontaneous,2,-0.0019753940740658837
active_unit_fraction,719161530,VISp,spontaneous,3,-0.0019492216350441849
active_unit_fraction,719161530,VISp,spontaneous,4,0.0003793347306048078
active_unit_fraction,719161530,VISp,spontaneous,5,-0.0021407390583904062
active_unit_fraction,719161530,VISp,spontaneous,6,-0.0016436343185175506
active_unit_fraction,719161530,VISp,spontaneous,7,-0.0003372089619551044
active_unit_fraction,719161530,VISp,spontaneous,8,-0.0012202969528247731
active_unit_fraction,719161530,VISp,spontaneous,9,-0.001118881309146058
active_unit_fraction,719161530,VISp,spontaneous,10,-0.0018061029332219203
active_unit_fraction,719161530,VISp,spontaneous,11,-0.002019230773001479
active_unit_fraction,719161530,VISp,spontaneous,12,-0.0028193422848675764
active_unit_fraction,719161530,VISp,spontaneous,13,-0.0015503099947862253
active_unit_fraction,719161530,VISp,spontaneous,14,-0.0014562278709034926
active_unit_fraction,719161530,VISp,spontaneous,15,-0.00160318645661639
active_unit_fraction,719161530,VISp,spontaneous,16,-0.0013984023007894697
active_unit_fraction,719161530,VISp,spontaneous,17,-0.0011127519067749558
active_unit_fraction,719161530,VISp,spontaneous,18,-0.0016478162510376038
active_unit_fraction,719161530,VISp,spontaneous,19,-0.0019383900126542786
active_unit_fraction,719161530,VISp,spontaneous,20,-0.00013620477537457099
active_unit_fraction,719161530,VISp,spontaneous,21,-0.0020186151920225104
active_unit_fraction,719161530,VISp,spontaneous,22,-0.00243911203266467
active_unit_fraction,719161530,VISp,spontaneous,23,0.00019399264201125366
active_unit_fraction,719161530,VISp,spontaneous,24,-0.002180382817913218
active_unit_fraction,719161530,VISp,spontaneous,25,-0.0001801937857551783
active_unit_fraction,719161530,VISp,spontaneous,26,-0.002087638898464972
active_unit_fraction,719161530,VISp,spontaneous,27,-0.0016488780294917627
active_unit_fraction,719161530,VISp,spontaneous,28,0.003014267081776545
active_unit_fraction,719161530,VISp,spontaneous,29,-0.001529710167633147
active_unit_fraction,719161530,VISp,spontaneous,30,-0.0004534339635982043
active_unit_fraction,719161530,VISp,spontaneous,31,-0.0009039994065772605
active_unit_fraction,719161530,VISp,spontaneous,32,-6.316050665933215e-05
active_unit_fraction,719161530,VISp,spontaneous,33,-0.001962408059319465
active_unit_fraction,719161530,VISp,spontaneous,34,-0.0017997027565143098
active_unit_fraction,719161530,VISp,spontaneous,35,-0.0034331140764399803
active_unit_fraction,719161530,VISp,spontaneous,36,-0.002479340639338523
active_unit_fraction,719161530,VISp,spontaneous,37,-0.002403056929993208
active_unit_fraction,719161530,VISp,spontaneous,38,-0.0021866551506358745
active_unit_fraction,719161530,VISp,spontaneous,39,-0.0022045654908564583
active_unit_fraction,719161530,VISp,spontaneous,40,-0.0026455204277150424
active_unit_fraction,719161530,VISp,spontaneous,41,-0.0025880286021506826
active_unit_fraction,719161530,VISp,spontaneous,42,0.00023862364590021556
active_unit_fraction,719161530,VISp,spontaneous,43,-0.0020195992917714234
active_unit_fraction,719161530,VISp,spontaneous,44,-0.0013464236199492996
active_unit_fraction,719161530,VISp,spontaneous,45,3.255124958034816e-05
active_unit_fraction,719161530,VISp,spontaneous,46,0.00017289909855067176
active_unit_fraction,719161530,VISp,spontaneous,47,-0.0016597404292594264
active_unit_fraction,719161530,VISp,spontaneous,48,-0.0011802402756093677
active_unit_fraction,719161530,VISp,spontaneous,49,0.001932295200906431
population_rate_entropy,719161530,CA1,spontaneous,0,-0.002599914225119182
population_rate_entropy,719161530,CA1,spontaneous,1,-0.0029564787657504477
population_rate_entropy,719161530,CA1,spontaneous,2,-0.003238593629510289
population_rate_entropy,719161530,CA1,spontaneous,3,-0.002514980115049914
population_rate_entropy,719161530,CA1,spontaneous,4,-0.0029816531034906335
population_rate_entropy,719161530,CA1,spontaneous,5,-0.0013161768099257953
population_rate_entropy,719161530,CA1,spontaneous,6,-0.003464703736805852
population_rate_entropy,719161530,CA1,spontaneous,7,-0.001814470256166878
population_rate_entropy,719161530,CA1,spontaneous,8,-0.001927825082982837
population_rate_entropy,719161530,CA1,spontaneous,9,-0.0007911258452325542
population_rate_entropy,719161530,CA1,spontaneous,10,0.0007881430837943793
population_rate_entropy,719161530,CA1,spontaneous,11,-0.0002039834091911441
population_rate_entropy,719161530,CA1,spontaneous,12,0.002463896978587954
population_rate_entropy,719161530,CA1,spontaneous,13,-0.0016406018508523523
population_rate_entropy,719161530,CA1,spontaneous,14,0.00027781312970764915
population_rate_entropy,719161530,CA1,spontaneous,15,-0.0029816815570966604
population_rate_entropy,719161530,CA1,spontaneous,16,-0.003383650920614323
population_rate_entropy,719161530,CA1,spontaneous,17,-0.0015717460545424666
population_rate_entropy,719161530,CA1,spontaneous,18,0.0007643687625663587
population_rate_entropy,719161530,CA1,spontaneous,19,-0.002044617141409688
population_rate_entropy,719161530,CA1,spontaneous,20,-0.0018100824574693863
population_rate_entropy,719161530,CA1,spontaneous,21,0.00018459000891257737
population_rate_entropy,719161530,CA1,spontaneous,22,-0.002281911543841497
population_rate_entropy,719161530,CA1,spontaneous,23,-0.0022797663135556423
population_rate_entropy,719161530,CA1,spontaneous,24,-0.0022653944485879762
population_rate_entropy,719161530,CA1,spontaneous,25,0.0036599127115924945
population_rate_entropy,719161530,CA1,spontaneous,26,-0.003674793434752077
population_rate_entropy,719161530,CA1,spontaneous,27,0.00101176165183392
population_rate_entropy,719161530,CA1,spontaneous,28,-0.0018580504033055556
population_rate_entropy,719161530,CA1,spontaneous,29,-0.0014358792673527798
population_rate_entropy,719161530,CA1,spontaneous,30,-0.002930935790889322
population_rate_entropy,719161530,CA1,spontaneous,31,-0.004382710862069206
population_rate_entropy,719161530,CA1,spontaneous,32,-0.0012513207529497583
population_rate_entropy,719161530,CA1,spontaneous,33,-0.0011181535297378753
population_rate_entropy,719161530,CA1,spontaneous,34,-0.002145862590680059
population_rate_entropy,719161530,CA1,spontaneous,35,-0.002994329239009108
population_rate_entropy,719161530,CA1,spontaneous,36,-0.0031844828921886448
population_rate_entropy,719161530,CA1,spontaneous,37,-0.0021232661550696363
population_rate_entropy,719161530,CA1,spontaneous,38,0.0009563049369754051
population_rate_entropy,719161530,CA1,spontaneous,39,-0.00048546246866187914
population_rate_entropy,719161530,CA1,spontaneous,40,-0.0017787411486651639
population_rate_entropy,719161530,CA1,spontaneous,41,-0.0020028138231100723
population_rate_entropy,719161530,CA1,spontaneous,42,-0.0025428579305489807
population_rate_entropy,719161530,CA1,spontaneous,43,-0.0023069427653046315
population_rate_entropy,719161530,CA1,spontaneous,44,-0.0014340093448106384
population_rate_entropy,719161530,CA1,spontaneous,45,-0.00492581763675215
population_rate_entropy,719161530,CA1,spontaneous,46,-0.0024352374956758682
population_rate_entropy,719161530,CA1,spontaneous,47,0.00013160676996593068
population_rate_entropy,719161530,CA1,spontaneous,48,-0.0009055715307652035
population_rate_entropy,719161530,CA1,spontaneous,49,0.0006400373194302977
population_rate_entropy,719161530,LGd,spontaneous,0,-0.00010654010623500909
population_rate_entropy,719161530,LGd,spontaneous,1,-0.0016497011987511856
population_rate_entropy,719161530,LGd,spontaneous,2,-0.002991522831975235
population_rate_entropy,719161530,LGd,spontaneous,3,-0.0026498050298243703
population_rate_entropy,719161530,LGd,spontaneous,4,-0.0014786495056209326
population_rate_entropy,719161530,LGd,spontaneous,5,-0.0017095555177266686
population_rate_entropy,719161530,LGd,spontaneous,6,-0.001212241922178614
population_rate_entropy,719161530,LGd,spontaneous,7,0.00032573518843670435
population_rate_entropy,719161530,LGd,spontaneous,8,-0.0019041466770156612
population_rate_entropy,719161530,LGd,spontaneous,9,-0.001059862812275214
population_rate_entropy,719161530,LGd,spontaneous,10,-0.0017362420415746316
population_rate_entropy,719161530,LGd,spontaneous,11,-0.00042161347261093773
population_rate_entropy,719161530,LGd,spontaneous,12,-0.002209556192988793
population_rate_entropy,719161530,LGd,spontaneous,13,-0.0013945165532472936
population_rate_entropy,719161530,LGd,spontaneous,14,-0.0014481395959810017
population_rate_entropy,719161530,LGd,spontaneous,15,-0.00169381982833694
population_rate_entropy,719161530,LGd,spontaneous,16,-0.0021082427660714664
population_rate_entropy,719161530,LGd,spontaneous,17,-0.0013953165227518216
population_rate_entropy,719161530,LGd,spontaneous,18,-0.0015574754539920965
population_rate_entropy,719161530,LGd,spontaneous,19,-0.0015541863733237182
population_rate_entropy,719161530,LGd,spontaneous,20,-0.0031152554941703547
population_rate_entropy,719161530,LGd,spontaneous,21,-0.0020969941420391214
population_rate_entropy,719161530,LGd,spontaneous,22,-0.0012569204476882145
population_rate_entropy,719161530,LGd,spontaneous,23,-0.002448900003992227
population_rate_entropy,719161530,LGd,spontaneous,24,-0.0025158978281175637
population_rate_entropy,719161530,LGd,spontaneous,25,-0.0018279932109084296
population_rate_entropy,719161530,LGd,spontaneous,26,-0.001087929441081048
population_rate_entropy,719161530,LGd,spontaneous,27,-0.0011888033310412105
population_rate_entropy,719161530,LGd,spontaneous,28,-0.0019272710639141044
population_rate_entropy,719161530,LGd,spontaneous,29,-0.001448262943692491
population_rate_entropy,719161530,LGd,spontaneous,30,-0.0008746903695585617
population_rate_entropy,719161530,LGd,spontaneous,31,-0.0003038986885368633
population_rate_entropy,719161530,LGd,spontaneous,32,-0.0023157408740775987
population_rate_entropy,719161530,LGd,spontaneous,33,-0.00024322956065536694
population_rate_entropy,719161530,LGd,spontaneous,34,-0.0023793347432684575
population_rate_entropy,719161530,LGd,spontaneous,35,-0.002587295656197308
population_rate_entropy,719161530,LGd,spontaneous,36,0.00044571955097549854
population_rate_entropy,719161530,LGd,spontaneous,37,-0.0012512678233831398
population_rate_entropy,719161530,LGd,spontaneous,38,-0.0030199586957703195
population_rate_entropy,719161530,LGd,spontaneous,39,-0.00036938049816781504
population_rate_entropy,719161530,LGd,spontaneous,40,-0.001259604256082958
population_rate_entropy,719161530,LGd,spontaneous,41,-0.0020207634884670256
population_rate_entropy,719161530,LGd,spontaneous,42,-0.0020887177386949007
population_rate_entropy,719161530,LGd,spontaneous,43,-0.0022169042689346163
population_rate_entropy,719161530,LGd,spontaneous,44,-0.0012352661503215456
population_rate_entropy,719161530,LGd,spontaneous,45,-0.0003383762738786711
population_rate_entropy,719161530,LGd,spontaneous,46,-0.0009825651396637713
population_rate_entropy,719161530,LGd,spontaneous,47,9.055131833302088e-05
population_rate_entropy,719161530,LGd,spontaneous,48,-0.0014042294196673355
population_rate_entropy,719161530,LGd,spontaneous,49,-0.0013364859860642841
population_rate_entropy,719161530,VISl,spontaneous,0,-0.0014442842639501574
population_rate_entropy,719161530,VISl,spontaneous,1,-0.0006049927306154279
population_rate_entropy,719161530,VISl,spontaneous,2,-0.001948941055157416
population_rate_entropy,719161530,VISl,spontaneous,3,-0.0031100664892746988
population_rate_entropy,719161530,VISl,spontaneous,4,-0.0014711409448437962
population_rate_entropy,719161530,VISl,spontaneous,5,-0.002363223438811124
population_rate_entropy,719161530,VISl,spontaneous,6,-0.004141279506629014
population_rate_entropy,719161530,VISl,spontaneous,7,-0.002486426647748563
population_rate_entropy,719161530,VISl,spontaneous,8,0.001624684289865952
population_rate_entropy,719161530,VISl,spontaneous,9,-0.0013373884414319415
population_rate_entropy,719161530,VISl,spontaneous,10,-0.0029298785187820142
population_rate_entropy,719161530,VISl,spontaneous,11,-0.001174288774586807
population_rate_entropy,719161530,VISl,spontaneous,12,-0.003351224086826865
population_rate_entropy,719161530,VISl,spontaneous,13,0.0009472077440826343
population_rate_entropy,719161530,VISl,spontaneous,14,-0.0039046084463448816
population_rate_entropy,719161530,VISl,spontaneous,15,-0.0010049597085224349
population_rate_entropy,719161530,VISl,spontaneous,16,-0.00551711547572753
population_rate_entropy,719161530,VISl,spontaneous,17,-0.0011193717205182363
population_rate_entropy,719161530,VISl,spontaneous,18,-0.0029404108860758837
population_rate_entropy,719161530,VISl,spontaneous,19,-0.003169495854237536
population_rate_entropy,719161530,VISl,spontaneous,20,-0.0042238161356273896
population_rate_entropy,719161530,VISl,spontaneous,21,-0.0037267905833547887
population_rate_entropy,719161530,VISl,spontaneous,22,-0.0019043866682575405
population_rate_entropy,719161530,VISl,spontaneous,23,-0.0024863481112610275
population_rate_entropy,719161530,VISl,spontaneous,24,-0.001791735810089068
population_rate_entropy,719161530,VISl,spontaneous,25,-0.0033032165128717983
population_rate_entropy,719161530,VISl,spontaneous,26,-0.001777081546572301
population_rate_entropy,719161530,VISl,spontaneous,27,-0.003286254989014248
population_rate_entropy,719161530,VISl,spontaneous,28,-0.0021950705976854223
population_rate_entropy,719161530,VISl,spontaneous,29,-0.0007283066598418042
population_rate_entropy,719161530,VISl,spontaneous,30,-0.003711029941499744
population_rate_entropy,719161530,VISl,spontaneous,31,0.0006192753409296481
population_rate_entropy,719161530,VISl,spontaneous,32,-0.0009142178919048227
population_rate_entropy,719161530,VISl,spontaneous,33,-0.0022309759660102957
population_rate_entropy,719161530,VISl,spontaneous,34,-0.0005887328482707677
population_rate_entropy,719161530,VISl,spontaneous,35,-0.0013856844500523824
population_rate_entropy,719161530,VISl,spontaneous,36,-0.001998906563802416
population_rate_entropy,719161530,VISl,spontaneous,37,-0.0005086204227171542
population_rate_entropy,719161530,VISl,spontaneous,38,-2.838892277257088e-05
population_rate_entropy,719161530,VISl,spontaneous,39,-0.002626926185051004
population_rate_entropy,719161530,VISl,spontaneous,40,-0.0026904943581833596
population_rate_entropy,719161530,VISl,spontaneous,41,0.0012177314307797449
population_rate_entropy,719161530,VISl,spontaneous,42,0.0006717009316543621
population_rate_entropy,719161530,VISl,spontaneous,43,0.00014981576450689982
population_rate_entropy,719161530,VISl,spontaneous,44,-0.0020491451920080506
population_rate_entropy,719161530,VISl,spontaneous,45,-0.0029452824984098624
population_rate_entropy,719161530,VISl,spontaneous,46,-0.002816915677934073
population_rate_entropy,719161530,VISl,spontaneous,47,-0.0043208850888704076
population_rate_entropy,719161530,VISl,spontaneous,48,-5.72938493099695e-05
population_rate_entropy,719161530,VISl,spontaneous,49,-0.0025211812559199354
population_rate_entropy,719161530,VISp,spontaneous,0,-0.0021874043679260824
population_rate_entropy,719161530,VISp,spontaneous,1,-0.0016312387221354419
population_rate_entropy,719161530,VISp,spontaneous,2,-0.0025659692493327224
population_rate_entropy,719161530,VISp,spontaneous,3,-0.002936893092834958
population_rate_entropy,719161530,VISp,spontaneous,4,-0.0004138053588575996
population_rate_entropy,719161530,VISp,spontaneous,5,-0.002832218649456042
population_rate_entropy,719161530,VISp,spontaneous,6,-0.0034297028354333126
population_rate_entropy,719161530,VISp,spontaneous,7,-0.0023758298323033333
population_rate_entropy,719161530,VISp,spontaneous,8,-0.004724283179928568
population_rate_entropy,719161530,VISp,spontaneous,9,-0.0024140914528177904
population_rate_entropy,719161530,VISp,spontaneous,10,0.0022006038745555623
population_rate_entropy,719161530,VISp,spontaneous,11,-0.0012475905143219945
population_rate_entropy,719161530,VISp,spontaneous,12,-0.001612020913964618
population_rate_entropy,719161530,VISp,spontaneous,13,-0.002782005430456147
population_rate_entropy,719161530,VISp,spontaneous,14,-0.002139676803557533
population_rate_entropy,719161530,VISp,spontaneous,15,-0.0035706683135816597
population_rate_entropy,719161530,VISp,spontaneous,16,-0.0017638363635421594
population_rate_entropy,719161530,VISp,spontaneous,17,-0.002053437988304818
population_rate_entropy,719161530,VISp,spontaneous,18,-0.0027977522119538856
population_rate_entropy,719161530,VISp,spontaneous,19,-0.0021005386651945512
population_rate_entropy,719161530,VISp,spontaneous,20,-0.0025524627258292076
population_rate_entropy,719161530,VISp,spontaneous,21,-0.0008942642690145108
population_rate_entropy,719161530,VISp,spontaneous,22,-0.0025072871553823983
population_rate_entropy,719161530,VISp,spontaneous,23,0.0017945996028172484
population_rate_entropy,719161530,VISp,spontaneous,24,-0.0030273494860392214
population_rate_entropy,719161530,VISp,spontaneous,25,-0.003127072749666948
population_rate_entropy,719161530,VISp,spontaneous,26,-0.003221085258892309
population_rate_entropy,719161530,VISp,spontaneous,27,-0.002441789350574375
population_rate_entropy,719161530,VISp,spontaneous,28,-0.0012073521066884307
population_rate_entropy,719161530,VISp,spontaneous,29,-0.0008496951259312491
population_rate_entropy,719161530,VISp,spontaneous,30,-0.0004183442800096415
population_rate_entropy,719161530,VISp,spontaneous,31,-0.0037963351639631604
population_rate_entropy,719161530,VISp,spontaneous,32,0.0005800301039260436
population_rate_entropy,719161530,VISp,spontaneous,33,-0.0003750206685527724
population_rate_entropy,719161530,VISp,spontaneous,34,0.0004447288689594098
population_rate_entropy,719161530,VISp,spontaneous,35,-0.002049333311377799
population_rate_entropy,719161530,VISp,spontaneous,36,-0.0016360236751171708
population_rate_entropy,719161530,VISp,spontaneous,37,-0.002291633613058952
population_rate_entropy,719161530,VISp,spontaneous,38,-0.00404249190292294
population_rate_entropy,719161530,VISp,spontaneous,39,0.00023701514109464306
population_rate_entropy,719161530,VISp,spontaneous,40,-0.003017994446415706
population_rate_entropy,719161530,VISp,spontaneous,41,-0.0011353239988056707
population_rate_entropy,719161530,VISp,spontaneous,42,-0.0024658005626424506
population_rate_entropy,719161530,VISp,spontaneous,43,-0.0017402141959173
population_rate_entropy,719161530,VISp,spontaneous,44,-0.0017133429233410213
population_rate_entropy,719161530,VISp,spontaneous,45,-0.0024148499500853404
population_rate_entropy,719161530,VISp,spontaneous,46,-0.003364224112488823
population_rate_entropy,719161530,VISp,spontaneous,47,-0.003363696126369553
population_rate_entropy,719161530,VISp,spontaneous,48,-0.0013268269271695665
population_rate_entropy,719161530,VISp,spontaneous,49,-0.0019142151825902731
population_mean_rate_hz,719161530,CA1,spontaneous,0,-0.0033360043028883846
population_mean_rate_hz,719161530,CA1,spontaneous,1,-0.0004981313329637249
population_mean_rate_hz,719161530,CA1,spontaneous,2,-0.002029449583551113
population_mean_rate_hz,719161530,CA1,spontaneous,3,-0.0022605735858107767
population_mean_rate_hz,719161530,CA1,spontaneous,4,-0.00270405480934377
population_mean_rate_hz,719161530,CA1,spontaneous,5,-0.005121132442070242
population_mean_rate_hz,719161530,CA1,spontaneous,6,-0.002386922189301477
population_mean_rate_hz,719161530,CA1,spontaneous,7,-0.004386474258249562
population_mean_rate_hz,719161530,CA1,spontaneous,8,-0.0021798838303475065
population_mean_rate_hz,719161530,CA1,spontaneous,9,-0.002446506506845192
population_mean_rate_hz,719161530,CA1,spontaneous,10,-0.0027983399783473306
population_mean_rate_hz,719161530,CA1,spontaneous,11,-0.003574365009107572
population_mean_rate_hz,719161530,CA1,spontaneous,12,-0.0030814160928348544
population_mean_rate_hz,719161530,CA1,spontaneous,13,0.00022401312759234848
population_mean_rate_hz,719161530,CA1,spontaneous,14,-0.0020700778700323275
population_mean_rate_hz,719161530,CA1,spontaneous,15,-0.003653119310064734
population_mean_rate_hz,719161530,CA1,spontaneous,16,-0.0020658019999652
population_mean_rate_hz,719161530,CA1,spontaneous,17,-0.0001965692791504603
population_mean_rate_hz,719161530,CA1,spontaneous,18,-0.002966851370310941
population_mean_rate_hz,719161530,CA1,spontaneous,19,-0.0037733479625405852
population_mean_rate_hz,719161530,CA1,spontaneous,20,-0.0010512531167042871
population_mean_rate_hz,719161530,CA1,spontaneous,21,-0.005468961749382939
population_mean_rate_hz,719161530,CA1,spontaneous,22,-0.0022204706141718544
population_mean_rate_hz,719161530,CA1,spontaneous,23,-0.0027674167437535813
population_mean_rate_hz,719161530,CA1,spontaneous,24,0.0004631771959914266
population_mean_rate_hz,719161530,CA1,spontaneous,25,-0.0025709146978234454
population_mean_rate_hz,719161530,CA1,spontaneous,26,-0.0036474813936814288
population_mean_rate_hz,719161530,CA1,spontaneous,27,-0.0006912523017748029
population_mean_rate_hz,719161530,CA1,spontaneous,28,-0.004100385191712852
population_mean_rate_hz,719161530,CA1,spontaneous,29,0.0036440303755691517
population_mean_rate_hz,719161530,CA1,spontaneous,30,-0.0021807353322230716
population_mean_rate_hz,719161530,CA1,spontaneous,31,-0.0037299738243513625
population_mean_rate_hz,719161530,CA1,spontaneous,32,-0.002920072191586298
population_mean_rate_hz,719161530,CA1,spontaneous,33,0.0005248004712823384
population_mean_rate_hz,719161530,CA1,spontaneous,34,-0.003021610550181242
population_mean_rate_hz,719161530,CA1,spontaneous,35,-0.0016367615717660655
population_mean_rate_hz,719161530,CA1,spontaneous,36,0.0003012913347141266
population_mean_rate_hz,719161530,CA1,spontaneous,37,-0.001939320176711723
population_mean_rate_hz,719161530,CA1,spontaneous,38,-0.0010202479387916297
population_mean_rate_hz,719161530,CA1,spontaneous,39,0.0010377412548923104
population_mean_rate_hz,719161530,CA1,spontaneous,40,-0.0023978076139605786
population_mean_rate_hz,719161530,CA1,spontaneous,41,-0.0012897122342037104
population_mean_rate_hz,719161530,CA1,spontaneous,42,-0.003779481854857214
population_mean_rate_hz,719161530,CA1,spontaneous,43,-0.0026921626326692483
population_mean_rate_hz,719161530,CA1,spontaneous,44,-0.004630106193870831
population_mean_rate_hz,719161530,CA1,spontaneous,45,-0.002996639158097114
population_mean_rate_hz,719161530,CA1,spontaneous,46,-0.0008770802342492612
population_mean_rate_hz,719161530,CA1,spontaneous,47,-0.0024431313786826836
population_mean_rate_hz,719161530,CA1,spontaneous,48,-0.00441889950781893
population_mean_rate_hz,719161530,CA1,spontaneous,49,-0.003522931345187219
population_mean_rate_hz,719161530,LGd,spontaneous,0,-0.0015316312184090464
population_mean_rate_hz,719161530,LGd,spontaneous,1,-0.0018959106388962699
population_mean_rate_hz,719161530,LGd,spontaneous,2,-0.0011644173497253885
population_mean_rate_hz,719161530,LGd,spontaneous,3,-0.0015011862133398335
population_mean_rate_hz,719161530,LGd,spontaneous,4,-0.0014370372861476355
population_mean_rate_hz,719161530,LGd,spontaneous,5,-0.001254970069640371
population_mean_rate_hz,719161530,LGd,spontaneous,6,-0.0015303038413403414
population_mean_rate_hz,719161530,LGd,spontaneous,7,-0.00024913163619311174
population_mean_rate_hz,719161530,LGd,spontaneous,8,-0.0005191263199213481
population_mean_rate_hz,719161530,LGd,spontaneous,9,-0.001196496817681414
population_mean_rate_hz,719161530,LGd,spontaneous,10,-0.0011076327040527856
population_mean_rate_hz,719161530,LGd,spontaneous,11,-0.0006291333922077147
population_mean_rate_hz,719161530,LGd,spontaneous,12,-0.001823973022236025
population_mean_rate_hz,719161530,LGd,spontaneous,13,-0.0019306736246841316
population_mean_rate_hz,719161530,LGd,spontaneous,14,-0.0003726991990995465
population_mean_rate_hz,719161530,LGd,spontaneous,15,-0.001485487470423763
population_mean_rate_hz,719161530,LGd,spontaneous,16,-9.047529624284234e-05
population_mean_rate_hz,719161530,LGd,spontaneous,17,-0.0015656221904390977
population_mean_rate_hz,719161530,LGd,spontaneous,18,-0.0009030134557099778
population_mean_rate_hz,719161530,LGd,spontaneous,19,-0.0016990030867893857
population_mean_rate_hz,719161530,LGd,spontaneous,20,-0.0012395681932849678
population_mean_rate_hz,719161530,LGd,spontaneous,21,-0.002297329470993703
population_mean_rate_hz,719161530,LGd,spontaneous,22,-0.000581451101934416
population_mean_rate_hz,719161530,LGd,spontaneous,23,-0.0021247762134095627
population_mean_rate_hz,719161530,LGd,spontaneous,24,-0.0006723447604410904
population_mean_rate_hz,719161530,LGd,spontaneous,25,-0.0014273701956835083
population_mean_rate_hz,719161530,LGd,spontaneous,26,-0.0016143523388432168
population_mean_rate_hz,719161530,LGd,spontaneous,27,-0.0012013259328169656
population_mean_rate_hz,719161530,LGd,spontaneous,28,0.0009196543838964066
population_mean_rate_hz,719161530,LGd,spontaneous,29,-0.00022108321343938808
population_mean_rate_hz,719161530,LGd,spontaneous,30,-0.001186514050251164
population_mean_rate_hz,719161530,LGd,spontaneous,31,-0.0006878490676922588
population_mean_rate_hz,719161530,LGd,spontaneous,32,-0.0013759516093398982
population_mean_rate_hz,719161530,LGd,spontaneous,33,0.00014741071863966226
population_mean_rate_hz,719161530,LGd,spontaneous,34,-0.001027530957441014
population_mean_rate_hz,719161530,LGd,spontaneous,35,-0.0008539146008113008
population_mean_rate_hz,719161530,LGd,spontaneous,36,-0.0017193184199033595
population_mean_rate_hz,719161530,LGd,spontaneous,37,-0.0024453110300216574
population_mean_rate_hz,719161530,LGd,spontaneous,38,-0.0011261266452122776
population_mean_rate_hz,719161530,LGd,spontaneous,39,-0.002736123382708122
population_mean_rate_hz,719161530,LGd,spontaneous,40,0.0009690226705399985
population_mean_rate_hz,719161530,LGd,spontaneous,41,-0.0006507644897090215
population_mean_rate_hz,719161530,LGd,spontaneous,42,-0.0008505224954238333
population_mean_rate_hz,719161530,LGd,spontaneous,43,-0.0011482427421720676
population_mean_rate_hz,719161530,LGd,spontaneous,44,-0.0002775608353638992
population_mean_rate_hz,719161530,LGd,spontaneous,45,-0.001780212235534373
population_mean_rate_hz,719161530,LGd,spontaneous,46,-0.0006242000854153051
population_mean_rate_hz,719161530,LGd,spontaneous,47,-0.0012394930998738118
population_mean_rate_hz,719161530,LGd,spontaneous,48,-0.0018456523051769702
population_mean_rate_hz,719161530,LGd,spontaneous,49,-0.0014598502861979945
population_mean_rate_hz,719161530,VISl,spontaneous,0,-0.0005800359299056312
population_mean_rate_hz,719161530,VISl,spontaneous,1,-0.0034074723416710473
population_mean_rate_hz,719161530,VISl,spontaneous,2,-0.0016331115670794594
population_mean_rate_hz,719161530,VISl,spontaneous,3,-0.002227514920627671
population_mean_rate_hz,719161530,VISl,spontaneous,4,0.0016622063692761646
population_mean_rate_hz,719161530,VISl,spontaneous,5,-0.0007126679261099111
population_mean_rate_hz,719161530,VISl,spontaneous,6,-0.00023356254555240152
population_mean_rate_hz,719161530,VISl,spontaneous,7,-0.0003250364124740557
population_mean_rate_hz,719161530,VISl,spontaneous,8,-0.0025018296432722797
population_mean_rate_hz,719161530,VISl,spontaneous,9,-0.0018289592336114824
population_mean_rate_hz,719161530,VISl,spontaneous,10,-0.0018300529006775035
population_mean_rate_hz,719161530,VISl,spontaneous,11,-0.0022598391712960186
population_mean_rate_hz,719161530,VISl,spontaneous,12,-0.0007844144964789246
population_mean_rate_hz,719161530,VISl,spontaneous,13,-0.002268790453048619
population_mean_rate_hz,719161530,VISl,spontaneous,14,-0.0014316852702055405
population_mean_rate_hz,719161530,VISl,spontaneous,15,-0.0013214997807182716
population_mean_rate_hz,719161530,VISl,spontaneous,16,2.8707604851185842e-05
population_mean_rate_hz,719161530,VISl,spontaneous,17,-0.002580357522315113
population_mean_rate_hz,719161530,VISl,spontaneous,18,-0.0014742128592895032
population_mean_rate_hz,719161530,VISl,spontaneous,19,-0.0014811198220255894
population_mean_rate_hz,719161530,VISl,spontaneous,20,-0.002355719816873214
population_mean_rate_hz,719161530,VISl,spontaneous,21,-0.0008749988146549148
population_mean_rate_hz,719161530,VISl,spontaneous,22,-0.002001314429465828
population_mean_rate_hz,719161530,VISl,spontaneous,23,-0.0019893783900594153
population_mean_rate_hz,719161530,VISl,spontaneous,24,-0.001908610737035965
population_mean_rate_hz,719161530,VISl,spontaneous,25,-0.0011098752656144573
population_mean_rate_hz,719161530,VISl,spontaneous,26,-0.0021964285689343166
population_mean_rate_hz,719161530,VISl,spontaneous,27,-0.0011265807239476677
population_mean_rate_hz,719161530,VISl,spontaneous,28,0.0010963687669658384
population_mean_rate_hz,719161530,VISl,spontaneous,29,-0.001606941870112677
population_mean_rate_hz,719161530,VISl,spontaneous,30,-0.0014393717528815575
population_mean_rate_hz,719161530,VISl,spontaneous,31,-0.0029438581443167466
population_mean_rate_hz,719161530,VISl,spontaneous,32,-0.0024425392755013098
population_mean_rate_hz,719161530,VISl,spontaneous,33,-0.0010144559113199891
population_mean_rate_hz,719161530,VISl,spontaneous,34,-0.0028374537646856934
population_mean_rate_hz,719161530,VISl,spontaneous,35,-0.001621556047550765
population_mean_rate_hz,719161530,VISl,spontaneous,36,-0.0030706704170824217
population_mean_rate_hz,719161530,VISl,spontaneous,37,-0.001976996358912797
population_mean_rate_hz,719161530,VISl,spontaneous,38,-0.0024532242253487713
population_mean_rate_hz,719161530,VISl,spontaneous,39,-0.0027893031323434903
population_mean_rate_hz,719161530,VISl,spontaneous,40,-0.002581318304547442
population_mean_rate_hz,719161530,VISl,spontaneous,41,-0.004100081778019571
population_mean_rate_hz,719161530,VISl,spontaneous,42,-0.0035903816663026555
population_mean_rate_hz,719161530,VISl,spontaneous,43,-0.0009965021551702202
population_mean_rate_hz,719161530,VISl,spontaneous,44,-0.0025509411951987193
population_mean_rate_hz,719161530,VISl,spontaneous,45,-0.0029113449242585965
population_mean_rate_hz,719161530,VISl,spontaneous,46,0.0028458460601672453
population_mean_rate_hz,719161530,VISl,spontaneous,47,-0.002075625279156945
population_mean_rate_hz,719161530,VISl,spontaneous,48,0.0003535983808479193
population_mean_rate_hz,719161530,VISl,spontaneous,49,-0.0017728228404910729
population_mean_rate_hz,719161530,VISp,spontaneous,0,-0.0018629218923550406
population_mean_rate_hz,719161530,VISp,spontaneous,1,-0.001856652562494343
population_mean_rate_hz,719161530,VISp,spontaneous,2,-0.0015555472007178217
population_mean_rate_hz,719161530,VISp,spontaneous,3,-0.0015240800255321707
population_mean_rate_hz,719161530,VISp,spontaneous,4,-0.0007038824175367164
population_mean_rate_hz,719161530,VISp,spontaneous,5,-0.0009283753034173836
population_mean_rate_hz,719161530,VISp,spontaneous,6,-0.002432766988343049
population_mean_rate_hz,719161530,VISp,spontaneous,7,-0.001485215097195014
population_mean_rate_hz,719161530,VISp,spontaneous,8,-0.0025088822108922937
population_mean_rate_hz,719161530,VISp,spontaneous,9,0.0006175457140954466
population_mean_rate_hz,719161530,VISp,spontaneous,10,-0.00292213160893251
population_mean_rate_hz,719161530,VISp,spontaneous,11,-0.003071063854336198
population_mean_rate_hz,719161530,VISp,spontaneous,12,-0.0006321994961812072
population_mean_rate_hz,719161530,VISp,spontaneous,13,-0.002467443136306424
population_mean_rate_hz,719161530,VISp,spontaneous,14,-0.001653206611980318
population_mean_rate_hz,719161530,VISp,spontaneous,15,-0.00169348151554094
population_mean_rate_hz,719161530,VISp,spontaneous,16,-0.0025075378488825795
population_mean_rate_hz,719161530,VISp,spontaneous,17,0.001225968238197983
population_mean_rate_hz,719161530,VISp,spontaneous,18,2.4683639444966765e-05
population_mean_rate_hz,719161530,VISp,spontaneous,19,-0.0006779053516102751
population_mean_rate_hz,719161530,VISp,spontaneous,20,-0.001625534882783608
population_mean_rate_hz,719161530,VISp,spontaneous,21,-0.0007189066892638873
population_mean_rate_hz,719161530,VISp,spontaneous,22,-0.001440222462520957
population_mean_rate_hz,719161530,VISp,spontaneous,23,0.00013556753606591698
population_mean_rate_hz,719161530,VISp,spontaneous,24,-0.0021919834155708084
population_mean_rate_hz,719161530,VISp,spontaneous,25,-0.0025796754908293806
population_mean_rate_hz,719161530,VISp,spontaneous,26,-0.0025239252640801846
population_mean_rate_hz,719161530,VISp,spontaneous,27,-0.0024359837219742886
population_mean_rate_hz,719161530,VISp,spontaneous,28,-0.0016846642217699381
population_mean_rate_hz,719161530,VISp,spontaneous,29,0.000543998569449422
population_mean_rate_hz,719161530,VISp,spontaneous,30,-0.0019165137567653812
population_mean_rate_hz,719161530,VISp,spontaneous,31,-0.0007048252789630949
population_mean_rate_hz,719161530,VISp,spontaneous,32,-0.0019331054685508553
population_mean_rate_hz,719161530,VISp,spontaneous,33,-0.003460031152138221
population_mean_rate_hz,719161530,VISp,spontaneous,34,-0.002199019732148866
population_mean_rate_hz,719161530,VISp,spontaneous,35,-0.0005406079410521514
population_mean_rate_hz,719161530,VISp,spontaneous,36,-0.0024839282084050396
population_mean_rate_hz,719161530,VISp,spontaneous,37,-0.0034366043322735518
population_mean_rate_hz,719161530,VISp,spontaneous,38,-0.0010544352363532905
population_mean_rate_hz,719161530,VISp,spontaneous,39,-0.004399705803876941
population_mean_rate_hz,719161530,VISp,spontaneous,40,-0.001856657889059865
population_mean_rate_hz,719161530,VISp,spontaneous,41,-0.00208009245128149
population_mean_rate_hz,719161530,VISp,spontaneous,42,-0.0017536927775085864
population_mean_rate_hz,719161530,VISp,spontaneous,43,-0.001539443072137825
population_mean_rate_hz,719161530,VISp,spontaneous,44,-0.0026456235413752083
population_mean_rate_hz,719161530,VISp,spontaneous,45,-0.0027989255082147
population_mean_rate_hz,719161530,VISp,spontaneous,46,0.00018318488187241133
population_mean_rate_hz,719161530,VISp,spontaneous,47,-0.0015059571634410407
population_mean_rate_hz,719161530,VISp,spontaneous,48,-0.0028199837954887563
population_mean_rate_hz,719161530,VISp,spontaneous,49,-0.000744368576887755
population_state_speed,719161530,CA1,spontaneous,0,-0.0023932086683357
population_state_speed,719161530,CA1,spontaneous,1,-0.0022898203976579046
population_state_speed,719161530,CA1,spontaneous,2,0.001520321232054922
population_state_speed,719161530,CA1,spontaneous,3,-0.0005687143898229774
population_state_speed,719161530,CA1,spontaneous,4,-0.002309542621433347
population_state_speed,719161530,CA1,spontaneous,5,-0.0013207659300916719
population_state_speed,719161530,CA1,spontaneous,6,-0.0017263465519264942
population_state_speed,719161530,CA1,spontaneous,7,-0.003397585757014432
population_state_speed,719161530,CA1,spontaneous,8,-0.002589676950760955
population_state_speed,719161530,CA1,spontaneous,9,-0.00470230358531476
population_state_speed,719161530,CA1,spontaneous,10,-0.0027092165383416633
population_state_speed,719161530,CA1,spontaneous,11,-0.0044595784572237784
population_state_speed,719161530,CA1,spontaneous,12,-0.003258380124648963
population_state_speed,719161530,CA1,spontaneous,13,-0.0003322723166836461
population_state_speed,719161530,CA1,spontaneous,14,-0.003110684081319759
population_state_speed,719161530,CA1,spontaneous,15,-0.003767229173167408
population_state_speed,719161530,CA1,spontaneous,16,-0.0016814909707418835
population_state_speed,719161530,CA1,spontaneous,17,-0.0022587712413364436
population_state_speed,719161530,CA1,spontaneous,18,-0.002005880505471125
population_state_speed,719161530,CA1,spontaneous,19,-0.0011102583315389936
population_state_speed,719161530,CA1,spontaneous,20,-0.0004018620286188046
population_state_speed,719161530,CA1,spontaneous,21,-0.0014040749886681247
population_state_speed,719161530,CA1,spontaneous,22,-0.0024122809986388827
population_state_speed,719161530,CA1,spontaneous,23,-0.005630738404514668
population_state_speed,719161530,CA1,spontaneous,24,-0.000290046517442355
population_state_speed,719161530,CA1,spontaneous,25,-0.004829699125974862
population_state_speed,719161530,CA1,spontaneous,26,-0.0012511086445617936
population_state_speed,719161530,CA1,spontaneous,27,-0.004296264741704192
population_state_speed,719161530,CA1,spontaneous,28,-0.004497794181744674
population_state_speed,719161530,CA1,spontaneous,29,-0.0019098005680763253
population_state_speed,719161530,CA1,spontaneous,30,-0.0025491101264000227
population_state_speed,719161530,CA1,spontaneous,31,-0.0022090699805626945
population_state_speed,719161530,CA1,spontaneous,32,0.00033143560550008555
population_state_speed,719161530,CA1,spontaneous,33,-0.003059519915764808
population_state_speed,719161530,CA1,spontaneous,34,-0.005750649850112977
population_state_speed,719161530,CA1,spontaneous,35,-0.00211040799946971
population_state_speed,719161530,CA1,spontaneous,36,-5.825843533624475e-05
population_state_speed,719161530,CA1,spontaneous,37,-0.0010375259305940299
population_state_speed,719161530,CA1,spontaneous,38,-0.003431566827838628
population_state_speed,719161530,CA1,spontaneous,39,-0.0010908214875735567
population_state_speed,719161530,CA1,spontaneous,40,0.0024217350634365697
population_state_speed,719161530,CA1,spontaneous,41,-0.005368685299112053
population_state_speed,719161530,CA1,spontaneous,42,-0.004011454867932751
population_state_speed,719161530,CA1,spontaneous,43,0.0008830656823435312
population_state_speed,719161530,CA1,spontaneous,44,-0.001072044962005636
population_state_speed,719161530,CA1,spontaneous,45,-0.002468032487772831
population_state_speed,719161530,CA1,spontaneous,46,-0.0032829048519694704
population_state_speed,719161530,CA1,spontaneous,47,-0.003912360056794628
population_state_speed,719161530,CA1,spontaneous,48,-0.004953750404058099
population_state_speed,719161530,CA1,spontaneous,49,-0.004596559383841736
population_state_speed,719161530,LGd,spontaneous,0,-0.00466337852522658
population_state_speed,719161530,LGd,spontaneous,1,-0.004007980097363695
population_state_speed,719161530,LGd,spontaneous,2,-0.0062963110172497005
population_state_speed,719161530,LGd,spontaneous,3,-0.003414490901969991
population_state_speed,719161530,LGd,spontaneous,4,-0.0037283012166852147
population_state_speed,719161530,LGd,spontaneous,5,-0.003732175767122481
population_state_speed,719161530,LGd,spontaneous,6,0.0009068198514134984
population_state_speed,719161530,LGd,spontaneous,7,-0.0019910283043085286
population_state_speed,719161530,LGd,spontaneous,8,0.0005469141306184699
population_state_speed,719161530,LGd,spontaneous,9,0.00033018705452203534
population_state_speed,719161530,LGd,spontaneous,10,-0.0021218077598317286
population_state_speed,719161530,LGd,spontaneous,11,-0.0017126872500591306
population_state_speed,719161530,LGd,spontaneous,12,-0.002906584317440064
population_state_speed,719161530,LGd,spontaneous,13,0.0015007909919509954
population_state_speed,719161530,LGd,spontaneous,14,-0.0034162634344414577
population_state_speed,719161530,LGd,spontaneous,15,0.002877347665694696
population_state_speed,719161530,LGd,spontaneous,16,-0.0025664196818350193
population_state_speed,719161530,LGd,spontaneous,17,-0.004435792897278024
population_state_speed,719161530,LGd,spontaneous,18,-0.0019503476659914476
population_state_speed,719161530,LGd,spontaneous,19,-0.0016142835977047687
population_state_speed,719161530,LGd,spontaneous,20,-0.0026532707795913213
population_state_speed,719161530,LGd,spontaneous,21,-0.003735622314696152
population_state_speed,719161530,LGd,spontaneous,22,-0.001875721763177629
population_state_speed,719161530,LGd,spontaneous,23,-0.0028398594662677468
population_state_speed,719161530,LGd,spontaneous,24,-0.0037068543698141054
population_state_speed,719161530,LGd,spontaneous,25,-0.002666276283632696
population_state_speed,719161530,LGd,spontaneous,26,-0.0038667843231693366
population_state_speed,719161530,LGd,spontaneous,27,-0.0030201535530393064
population_state_speed,719161530,LGd,spontaneous,28,-0.0027819045580455004
population_state_speed,719161530,LGd,spontaneous,29,0.0009942171471954975
population_state_speed,719161530,LGd,spontaneous,30,-0.0043888569254874055
population_state_speed,719161530,LGd,spontaneous,31,-0.002382417202949738
population_state_speed,719161530,LGd,spontaneous,32,-0.0014754036944818472
population_state_speed,719161530,LGd,spontaneous,33,-0.00429177664466085
population_state_speed,719161530,LGd,spontaneous,34,-0.0034614318384097453
population_state_speed,719161530,LGd,spontaneous,35,-0.0015406160241426825
population_state_speed,719161530,LGd,spontaneous,36,-0.0020437874247937193
population_state_speed,719161530,LGd,spontaneous,37,-0.0016713544381815604
population_state_speed,719161530,LGd,spontaneous,38,-0.0011706095884557177
population_state_speed,719161530,LGd,spontaneous,39,-0.002673812424530353
population_state_speed,719161530,LGd,spontaneous,40,-0.004140053826794721
population_state_speed,719161530,LGd,spontaneous,41,-0.004285956942919555
population_state_speed,719161530,LGd,spontaneous,42,-0.003879025789585433
population_state_speed,719161530,LGd,spontaneous,43,-0.003624967559364256
population_state_speed,719161530,LGd,spontaneous,44,-0.0038957100306054038
population_state_speed,719161530,LGd,spontaneous,45,-0.0012347033694404264
population_state_speed,719161530,LGd,spontaneous,46,-0.001845795857490229
population_state_speed,719161530,LGd,spontaneous,47,0.0025847007438516423
population_state_speed,719161530,LGd,spontaneous,48,-0.004856889538764619
population_state_speed,719161530,LGd,spontaneous,49,-0.0026759635068713816
population_state_speed,719161530,VISl,spontaneous,0,-0.0022317683304985403
population_state_speed,719161530,VISl,spontaneous,1,-0.004584656348097904
population_state_speed,719161530,VISl,spontaneous,2,-0.0037147796940956157
population_state_speed,719161530,VISl,spontaneous,3,-0.006213519564941095
population_state_speed,719161530,VISl,spontaneous,4,-0.00198040837899105
population_state_speed,719161530,VISl,spontaneous,5,-0.0012749434605044963
population_state_speed,719161530,VISl,spontaneous,6,-0.0017598507443018496
population_state_speed,719161530,VISl,spontaneous,7,-0.0022465761984249433
population_state_speed,719161530,VISl,spontaneous,8,-0.003346108215999788
population_state_speed,719161530,VISl,spontaneous,9,-0.002002277781690154
population_state_speed,719161530,VISl,spontaneous,10,0.0005130358921646705
population_state_speed,719161530,VISl,spontaneous,11,-0.0022439677410024395
population_state_speed,719161530,VISl,spontaneous,12,-0.00369240740984933
population_state_speed,719161530,VISl,spontaneous,13,-0.0023854647597681966
population_state_speed,719161530,VISl,spontaneous,14,-0.0026124078877286516
population_state_speed,719161530,VISl,spontaneous,15,-0.0028952045974092178
population_state_speed,719161530,VISl,spontaneous,16,-0.0020860310035742957
population_state_speed,719161530,VISl,spontaneous,17,-0.004708001174637433
population_state_speed,719161530,VISl,spontaneous,18,-0.0022102917773858533
population_state_speed,719161530,VISl,spontaneous,19,-0.0010425165980602058
population_state_speed,719161530,VISl,spontaneous,20,-0.0030683720696897954
population_state_speed,719161530,VISl,spontaneous,21,-0.002946652017179696
population_state_speed,719161530,VISl,spontaneous,22,-0.0026532225519902974
population_state_speed,719161530,VISl,spontaneous,23,0.0018516186348451757
population_state_speed,719161530,VISl,spontaneous,24,-0.0031271980858530446
population_state_speed,719161530,VISl,spontaneous,25,-0.001855463203222274
population_state_speed,719161530,VISl,spontaneous,26,-0.003456699882546155
population_state_speed,719161530,VISl,spontaneous,27,-0.003491172388031538
population_state_speed,719161530,VISl,spontaneous,28,-0.0035166916231796908
population_state_speed,719161530,VISl,spontaneous,29,-0.0015340077028122012
population_state_speed,719161530,VISl,spontaneous,30,-0.004249257971994824
population_state_speed,719161530,VISl,spontaneous,31,-0.0008602439195538603
population_state_speed,719161530,VISl,spontaneous,32,-0.002496974538111707
population_state_speed,719161530,VISl,spontaneous,33,-0.0018233027566330051
population_state_speed,719161530,VISl,spontaneous,34,-0.001899389505092386
population_state_speed,719161530,VISl,spontaneous,35,4.2262601587017556e-05
population_state_speed,719161530,VISl,spontaneous,36,-0.004805902796670036
population_state_speed,719161530,VISl,spontaneous,37,-0.0032280650784572984
population_state_speed,719161530,VISl,spontaneous,38,-0.0017559697567521848
population_state_speed,719161530,VISl,spontaneous,39,-0.003667807329769235
population_state_speed,719161530,VISl,spontaneous,40,-0.004119157684458696
population_state_speed,719161530,VISl,spontaneous,41,-0.004774193040395058
population_state_speed,719161530,VISl,spontaneous,42,-0.00313510003325701
population_state_speed,719161530,VISl,spontaneous,43,-0.003969877099173624
population_state_speed,719161530,VISl,spontaneous,44,-0.00477209577088622
population_state_speed,719161530,VISl,spontaneous,45,-0.00297665457885421
population_state_speed,719161530,VISl,spontaneous,46,0.0005970422638436057
population_state_speed,719161530,VISl,spontaneous,47,-0.0015448547899944431
population_state_speed,719161530,VISl,spontaneous,48,-0.0017653003684374724
population_state_speed,719161530,VISl,spontaneous,49,-0.00033889790199481684
population_state_speed,719161530,VISp,spontaneous,0,-0.002242601406580391
population_state_speed,719161530,VISp,spontaneous,1,-0.0006997243081370286
population_state_speed,719161530,VISp,spontaneous,2,-0.005687472288995465
population_state_speed,719161530,VISp,spontaneous,3,-0.0032290864863722124
population_state_speed,719161530,VISp,spontaneous,4,-0.0043113126219535
population_state_speed,719161530,VISp,spontaneous,5,-0.0028047152491881278
population_state_speed,719161530,VISp,spontaneous,6,-0.0071108596323447015
population_state_speed,719161530,VISp,spontaneous,7,-0.003423158027975548
population_state_speed,719161530,VISp,spontaneous,8,-0.0018415042609580823
population_state_speed,719161530,VISp,spontaneous,9,-0.00491815524919359
population_state_speed,719161530,VISp,spontaneous,10,-0.0012730265435012544
population_state_speed,719161530,VISp,spontaneous,11,-0.0010799407400552408
population_state_speed,719161530,VISp,spontaneous,12,-0.0027468740923868307
population_state_speed,719161530,VISp,spontaneous,13,0.00048087160606169466
population_state_speed,719161530,VISp,spontaneous,14,-0.002821767569782585
population_state_speed,719161530,VISp,spontaneous,15,-0.0033521678255725718
population_state_speed,719161530,VISp,spontaneous,16,-0.004970709247459348
population_state_speed,719161530,VISp,spontaneous,17,-0.0031396441313522594
population_state_speed,719161530,VISp,spontaneous,18,-0.001416346105284072
population_state_speed,719161530,VISp,spontaneous,19,-0.0015948090384202418
population_state_speed,719161530,VISp,spontaneous,20,-0.0018792837151815345
population_state_speed,719161530,VISp,spontaneous,21,-3.8917829289886186e-05
population_state_speed,719161530,VISp,spontaneous,22,-0.0047890357023201435
population_state_speed,719161530,VISp,spontaneous,23,-0.002448212739230682
population_state_speed,719161530,VISp,spontaneous,24,-0.0021716600871845015
population_state_speed,719161530,VISp,spontaneous,25,-0.004345951296605199
population_state_speed,719161530,VISp,spontaneous,26,-0.0009186999111391314
population_state_speed,719161530,VISp,spontaneous,27,-0.004340062206610207
population_state_speed,719161530,VISp,spontaneous,28,-0.0032910920383845133
population_state_speed,719161530,VISp,spontaneous,29,-0.0008278074375553945
population_state_speed,719161530,VISp,spontaneous,30,-0.0034772493486847633
population_state_speed,719161530,VISp,spontaneous,31,-0.0002944372579697374
population_state_speed,719161530,VISp,spontaneous,32,-0.0018150005757161525
population_state_speed,719161530,VISp,spontaneous,33,-0.0010151187481332036
population_state_speed,719161530,VISp,spontaneous,34,-0.0051517873158722916
population_state_speed,719161530,VISp,spontaneous,35,-0.0029852139650740073
population_state_speed,719161530,VISp,spontaneous,36,-0.007310157284314056
population_state_speed,719161530,VISp,spontaneous,37,-0.003937414226197311
population_state_speed,719161530,VISp,spontaneous,38,-0.0027413797628278447
population_state_speed,719161530,VISp,spontaneous,39,-0.0018901466116221233
population_state_speed,719161530,VISp,spontaneous,40,-0.001942021776903946
population_state_speed,719161530,VISp,spontaneous,41,-0.003316226168475711
population_state_speed,719161530,VISp,spontaneous,42,0.0017435552351154904
population_state_speed,719161530,VISp,spontaneous,43,-0.0014526365464816449
population_state_speed,719161530,VISp,spontaneous,44,0.00013847181093440408
population_state_speed,719161530,VISp,spontaneous,45,-0.00210926205673978
population_state_speed,719161530,VISp,spontaneous,46,-0.004055529542380754
population_state_speed,719161530,VISp,spontaneous,47,-0.0028957614715415803
population_state_speed,719161530,VISp,spontaneous,48,0.00027897682969413307
population_state_speed,719161530,VISp,spontaneous,49,-0.002224449392952743
